ID,Start time,Completion time,Email,Name,Language,Last modified time,Did you go through the entire 6 week Assistive Technology Academy program?*,"How much more confident do you feel using assistive technology in a work setting now compared to before the Assistive Technology Academy?
","How effective were the morning lectures in reinforcing your learning of assistive technology?
","Do you have any comments on our lectures that you would like to share with us? If so, please write them here:",How effective were the afternoon labs or Friday practice Labs in reinforcing your learning of assistive technology?*:,"Do you have any comments on our labs that you would like to share with us? If so, please write them here:","Did the homework assignments, workbook and capstone project help reinforce your learning of assistive technology?*:","Do you have any comments on our homework, workbook or capstone project that you would like to share with us? If so, please write them here:",How often did you practice using your assistive technology outside of the program sessions?*:,What was the most valuable  part of the program for you?*?:,What could we improve to make future offerings of the Assistive Technology Academy more effective? ,Are there any additional resources or support that you would have liked during the Assistive Technology Academy?
2,3/14/25 16:06:22,3/14/25 16:07:29,anonymous,,,,No,Somewhat confident,Somewhat effective,,Somewhat effective,,"Yes, definitely",,Several times a week,I wasn't able to complete this program.,,
3,3/14/25 16:11:45,3/14/25 16:12:25,anonymous,,,,Yes,Very confident,Very effective,,Very effective,,"Yes, definitely",,Several times a week, ,,
4,3/19/25 19:27:27,3/19/25 19:34:54,anonymous,,,,Yes,Extremely confident,Somewhat effective,,Somewhat effective,,"Yes, definitely",,Daily,The multiple insights from the different tech trainers,N/A,N/A
5,3/19/25 19:17:10,3/19/25 19:37:02,anonymous,,,,Yes,Very confident,Very effective,,Very effective,,"Yes, definitely",,Several times a week,The most valuable part of the program was the chance to make my own digital portfolio using Linktree as a platform.,I think a more indepth and advanced training session would be benificial for many.,
6,3/20/25 0:38:14,3/20/25 1:14:33,anonymous,,,,Yes,Somewhat confident,Very effective,"Each week we were met with a lecture similar to a university course. The tech trairers took the time and thoughtfully answered ALL our questions. Each member of the team worked seamlessly to find the right way to explane topics in detial. The topics varied based upon the subject matter. The most important things I want to share:
- The trainers had a wealth of knowledge to draw upon
- The topics were matched perfectly to what future employers want to see
- The participants were treated with humility and honoured-never left to feel like any question was unintelligent
- The WHOLE experience has changed my life for the better :)
 ",Very effective,"I honestly loved the one on one time in the break out rooms. The trainers helped those of us who needed extra support and that made the world of difference. I probably wouldn't have been able to keep going if not for the consistent and individualized help  provided in these labs.
","Yes, definitely","The homework was reasonable fo r the task assigned.
For future users, the tip sheets could be streamlined based upon the system each participant is using (e.i. mac, jaws et)
You guys really nailed it!",Daily,"Each part had value however, if I had to choose one thing that stood out to me I would say that learning ALL of the applications below:
-creating a g-mail
- Creating a Linktree
-Creating a XL spreadsheet
- Creating a Calendly account
- Creating a google form
Having a fun and interactive way for employers to view our work and to simply connect with the world around us I LOVED THIS PROGRAM!!!",The only advice I give would be to streamline the tip sheet for the type of assistive technology that the participant will be using .,"Perhaps, there could be a workbook in the future...
"
7,3/21/25 12:05:01,3/21/25 12:31:58,anonymous,,,,Yes,Very confident,Very effective, The earlier seasons were a little unorganized especially the breakout rooms and questions' timing.,Very effective,Troubleshooting should be considered,"Yes, definitely",,Daily,Exposure to new platforms,Separate users based on their screen  readers,
8,3/21/25 12:07:55,3/21/25 16:24:47,anonymous,,,,Yes,Somewhat confident,Very effective,"The Monday lectures were very effective in that you would let the class know what the tool is, how, why, to use it and when it would or would not be a good time for this. Always answering questions, for example during  storage and saving there were many questions , options and much clarification.",Very effective,The labs on Wednesday gave you the chance to follow or try your hand at what the lecture had been about e.g. forms.  As always you could contact your trainer for help.,"Yes, definitely","The homework was to use what, you had learned in class to complete it.  You need to use what you were taught in order to do your presentation.",Rarely,"Learning about A.I. was what I found most valuable to me, I did not know that it could be used in so many ways, once you learn how to speak to it properly.  Also, storage and how important it is to make sure things are saved appropriately.","During optional labs you could offer break out  rooms.  Even the smartest person might be stuck on one thing and may need help, people learn at different rates, it doesn't mean they don't belong there.",
9,4/5/25 0:35:03,4/5/25 0:46:51,anonymous,,,,Yes,Somewhat confident,Somewhat effective,The format of the lectures improved as the sessions progressed.  Sometimes some of the hosts screenreaders were interfering with the lecture.  I  found it difficult to navigate along.  May I suggest that next time a course synopisis be supplied that outlines each week including the homework and outcomes expected.  I  like to be able to check off a  list to ensure I  have delivered all requirements.  I am still learning to use my auditory processing skills.  ,Somewhat effective,"I  found the labs difficult to follow.  At the beginning I  was unclear on how I should be following along.  I  am unable to listen and follow along with my screenreader at the same time.  As my skill progressed, I  settled in and was able to work through the expectations and ask for assistance.  I did not follow along with each students question and worked on my own.","Yes, definitely",I  feel confident to create a  new project on my own.  I  think that to bring it to the next level that it would be good to get feedback on the formatting and final product.  ,Daily,Gaining confidence to work with more office 365 products and other applications.  I  am excited to work with microsoft forms as I  build a survey for a  project I am working on.  I also plan on building a linktree blog for my bi-weekly news column.,Please see previous comments,Feedback on formatting
10,4/6/25 9:33:34,4/6/25 10:44:00,anonymous,,,,Yes,Somewhat confident,Somewhat effective,I found that multi voices was confusing.,Somewhat effective,"I found the lectures interesting, but the information is not what I needed at the moment. The teachers were good.My issue is more that I am struggling to follow voice and audio cues.
 ",Somewhat,"Perhaps it may be of some value in the future, but for now I need to focus on mastering basic functions.
",Several times a week,"Hearing that others share some of my challenges
","clarifying what subject matter will be, course outline and functional level required and that one's system is setup appropriately 
","
one on one support. I personally could handle a group of three, but more was confusing "
11,4/6/25 15:51:32,4/6/25 16:17:02,anonymous,,,,Yes,Very confident,Very effective,,Very effective,,"Yes, definitely",,Several times a week," Calendly, Outlook, MicrosoftForms and Linktree. Most importantly, friendly environment of the sessions.","If you can give Tipsheets before Monday session, I think it will give them a chance to familiarize themselves beforehand. Because new lesson with no familiarity can make it very difficult and hard to focus during the Monday sessions.",
12,4/7/25 10:48:14,4/7/25 11:09:26,anonymous,,,,Yes,Very confident,Very effective,"The Microsoft  xl, power point & forms were hard to do as a visual non sited person. As a person with voice over with apple, was hard to figure by the tech trainers because i was only person with apple. ",Very effective,,"Yes, definitely",,Several times a week,I've value the learning from the tech trainers and their assistance.,"As a student, i would say whoever has any brand of devise brand like Apple, PC, and see who many students sign up for the next one figure ut who the tech trainers can assist them by their devise. ",
13,4/22/25 21:23:51,4/22/25 22:11:25,anonymous,,,,No,Very confident,Very effective,,Very effective,Not really. we can see you were a strong team. Most of the time I forgot you were blind. Congrats guys. (excuse me )  team,"Yes, definitely","Everything was very well, you are very professional. Thanks so much.",Rarely,"All, 'cause almost everything was new for me.",!!!,....
14,11/7/25 19:15:35,11/7/25 19:28:02,anonymous,,,,No,Somewhat confident,Somewhat effective,"I would say that the design of lectures and practices were good. However, I felt that the next academy should be done clasifying students by level. I would have liked to learn some advanced features of Excell, instead of inserting links; after all, Excell is a accounting and company administration software.
This is the first program of its type, so it could get better.",Not effective at all,,Not really,,Rarely,The seminar part of the lectures.,,
15,11/8/25 8:53:46,11/8/25 11:02:19,anonymous,,,,Yes,Very confident,Not very effective,|,Very effective,it would be better if lab could be divided according to level of understanding and not joint session.,Somewhat,,Several times a week,"the way the handout is explanatory, and also the friendly and simple way lecture is been delivered.","interruption from participant should be reduce , questions from participants should be encourage to be sent on the chat so as to avoid distraction.",none
16,11/8/25 19:23:35,11/8/25 19:46:52,anonymous,,,,Yes,Very confident,Somewhat effective,"NOT MUCH, I APPRECIATE THE INSTRUCTORS FOR THEIR PATIENCT, THOUGH I STILL FEEL I NEED TO KNOW MORE ON HOW TO USE POWERPOIN IF POSSIBLE.",Not effective at all,"INTRESTING, ITS GOOD.",Not at all,ITS OK.,Several times a week,WHEN WE LEARN THE USE OF EXCEL MICROSOFT FORM AND AI.,I THINK THEIR SHOULD BE A CERTIFICATE OF PARCITIPATION AFTER THE PROGRAM.,GOOD morning
17,11/9/25 10:24:57,11/9/25 10:30:59,anonymous,,,,No,Somewhat confident,Somewhat effective,,Somewhat effective,They were too long,Somewhat,,Rarely,"Being Able to Voice my Concerns, Meeting with Others In my Category of Disability","MORE ""BREAK OUT"" ROOMS",
18,11/9/25 22:23:52,11/9/25 22:39:43,anonymous,,,,Yes,Very confident,Very effective,Lectures were organized and were informative. Certain topics I was not quiteconfident to use are now well within my comfort level to use moving forward!,Very effective,"I appreciate it how everything was clear and geared towards my need for using a screen reader! Any questions even slightly off-topic but still in regards to accessibility was answered with expertise! there were a few topics covered that I had not used prior to the program but I am now comfortable to use in the future!

I even learned some things involving using screen readers on Windows that I had not known how to do before but am now happy to be able to use some of those new skills moving forward. Thank you!","Yes, definitely",,Several times a week,Being able to take part in a program with others that use screen readers just like me being instructed by individuals who also use them as well! No other program would you have access to expertise like that!,,
19,11/10/25 11:05:49,11/10/25 11:12:33,anonymous,,,,Yes,Very confident,Very effective,,Very effective,,"Yes, definitely",,Daily,Learning Linktree was valuable as it was a new program for me to learn. When we covered AI was interesting as well because I want to learn more about AI,To me the course is fine the way it is.,
20,11/10/25 14:44:37,11/10/25 14:53:59,anonymous,,,,Yes,Somewhat confident,Very effective,I enjoyed the discussion sessions because it allowed everyone to interact. Questioning folks about the various keyboard commands were helpful because it allowed us to understand the importance of those keystrokes.,Very effective,The amount of time given for the labs were reasonable. The first two weeks we could maybe consider doing the full amount because the signature and setting up link tree might require one-on-one support for some. After that then Friday's lab could go to the two hours we experienced during this session.,"Yes, definitely",Nothing to add.,Daily,Learning some new keyboard commands while also learning some new vocabulary was helpful. I will will continue to review those tip sheets so I can understand the importance of certain vocabulary or keystrokes.,Nothing to add from me.,I can't think of any inparticular.
21,11/10/25 19:22:11,11/10/25 19:51:28,anonymous,,,,Yes,Somewhat confident,Very effective,"In my opinion, there should be more time to include questions for your lectures.",Somewhat effective,There should be time to spend in the laboratory to accommodate participants with technical problems or issues.,Somewhat,The assignments are too challenging.,Daily,"For me, the most valuable part of the program was making the linktree.","Hope there are more assistive tech trainers to help participants, especially during the application or laboratory.",If I could have one on one training for the previous topics that the assistive Technology traing discussed.
22,11/12/25 14:33:37,11/12/25 14:49:57,anonymous,,,,Yes,Very confident,Very effective,Partway through the course Andres turned down the volume of his JAWS so we could still hear it but there was a distinct difference between him and JAWS.  This made the lectures much easier to follow.,Very effective,,"Yes, definitely","Some of the homework assignments were not followed up on, as lab time ran out.",Several times a week,"The tools I had never used, like Microsoft Forms.","More breakout sessions on Friday might help with student's different experience levels, for example some had no experience with one program but lots of experience with another.",
23,11/20/25 14:31:40,11/20/25 14:48:05,anonymous,,,,Yes,Somewhat confident,Very effective,I  swish class notes were sent at the end of every lecture; so I did not miss all the important stuff,Very effective,I wish there was a workbook included or possibly tests throughout to ensure we were reachingall the goals,"Yes, definitely", I sent questions throughout but never got answers,Daily,, Tghe  training in and the people fellow students the feedback from all the  instructiors , possibly working groups throughout were we could systamatically solve issues 
24,3/13/26 16:49:21,3/13/26 17:00:35,anonymous,,,,Yes,Very confident,Very effective,"I think all the lectures and the Labs were very helpful and I found it a great way to learn.  Overall, the ATA was a great learning experience and I would highly recommend this program to anyone!",Very effective,The labs were a great way to practise all the things learned through all the lectures and demonstrations. ,"Yes, definitely","I enjoyed the homework and the assignments, as it helped me to practise all the keystrokes I learned through the ATA and the tip sheets.  However I would add that for the next ATA, perhaps focus on creating clear and accessible Word documents and PDF's. ",Several times a week,All the lectures and demonstrations were very helpful and valuable.  I learned so much from those sessions. ,I think it was all great! The only thing I would add for future ATA is focus on creating accessible and clear word documents and PDF's. ,"To meet with a tech trainer once a week to go over any questions, so that I can continue to work on improving my skills in using assistive technology. "
25,3/13/26 18:50:25,3/13/26 19:05:44,anonymous,,,,Yes,Extremely confident,Very effective,"I really enjoyed the lectures, I took furious notes the whole time the trainers were talking. It helps me to see an expert demonstrate what we’re learning! ",Very effective,I also enjoyed the labs! They provided an opportunity to practice what I just learned in the lecture and ask questions as they came up. ,"Yes, definitely",I enjoyed the workbook because it provided another chance to practice what I learned at my own pace. It really helped the concepts to stick in my memory! ,Several times a week,"It’s a tie between a good, solid foundation in using a screen reader with the core office programs and trying AI for the first time.  ","Maybe splitting into pairs to complete lab activities from time to time, it would give a chance to get to know other participants better. Eg. Send each other a Calendly link, ask each other a few getting to know you questions and use AI to create a bio for your partner. ",Nothing that I can think of. 
26,3/14/26 11:59:23,3/14/26 12:37:08,anonymous,,,,Yes,Extremely confident,Very effective,Great lectures. All trainers were wonderful to work with. Keep up the excellent work! Thank you for all your efforts in accommodating me throughout the academy.,Very effective,Great academy. You paved the way for others to learn about the world of assistive technology. What a wonderful course. Keep teaching. You're all terrific trainers. Don't give up. Small class sizes are a blessing to have. Keep training!Keep teaching as you have taught me.,"Yes, definitely",no.,Several times a week,Learning to use the internet and PowerPoint. I'm still learning how to utilize PowerPoint and forms. Iam so appreciative for what I can accomplish in the future.  I also found the AI lectures fascinating.,Nothing. You did a superb job!,No. Thank you for the resources you provided. 
27,3/16/26 11:13:42,3/16/26 11:34:39,anonymous,,,,No,Very confident,Very effective,"I thought the lectures were great! They allowed for a lot of open discussion, which I believe allowed people to learn concepts more easily than just reading about them on their own time. I also thought it was great that the instructors shared their screens with sound included so we could actually hear what was going on and how it should sound. ",Very effective,"I enjoyed the labs because we could actually work through issues together. This is a great approach as people in the A T A may have varying degrees of ability, but the labs allowed us to learn from each other as well as from the instructors! ","Yes, definitely","Employers expect you to review, judge, and refine AI output—not accept it blindly. For future editions of this workbook, please, please change the wording of this. Currently, this reads as ableist language, which should be avoided in all work-related documents. Overall, although I feel I did well in the course, I was displeased with the end result of my PowerPoint presentation as I found out that instead of the link for my LinkedIn profile, I shared the link for ""analytics."" I feel that even after completing the A T A, I still require a lot of support with PowerPoint.  ",Daily,"There were a lot of parts of the program I thought were valuable. I can't think of just one because all of the skills I gained and refined here could contribute to potential future employment and efficiency in the workplace. If I had to pick just one, I would say that the thing I found most valuable was the emphasis on how each of these skills taught in the A T A contribute to greater efficiency in the workplace. ","  For future iterations of the course, please do not show the mobile version of calendly as it is slow, clunky and inefficient. Please only show the computer version as this seems to be slightly less clunky. Also, I would like to see a little more emphasis placed on editing and deleting slides in PowerPoint as this is an important workplace skill. (Note: This is just because of the end result I achieved).  ",No. The support I was able to receive was great. I look forward to future iterations of this course. 
28,3/16/26 10:51:45,3/16/26 12:20:49,anonymous,,,,Yes,Somewhat confident,Somewhat effective,"to me project-based lecture or workshop would be more effective.  so instead of lecturer's presentations in general, to do things from the very beginning till the end would be a great way to learn technologies involved along the way for a finished project. ",Very effective,,Somewhat,"The key strokes part is very helpful.  The general introduction part makes the document complete, but to a mid-level participant it is usually skippable.",Several times a week,"JAWS Hot keys, and apps people are currently using at work.",To make the whole sessions into projected-based workshops/labs.,
29,3/16/26 18:39:21,3/16/26 19:55:23,anonymous,,English (United States)?,,Yes,Not at all confident,Not very effective,"I think it would've helped to have known the PROGRAM was for guys with like, PRETTY LIMITED vision. Pretty sure literally ever but me, or EVERYONE BUT ME, *and one more guy(?), used screen readers? So as a mouse- but also, zoom-contrast-dark mode extension- user; NO! I don't feel more confident to use the screen readers I don't use! But also; I AM in the LV category.

You just, gotta advertise this better, I think. I felt pretty unserved, and like, 'why am I even in this?', DEFINITELY crossed my mind more than once.",Not effective at all,"I'll be honest I didn't even go to all the Fridays, and the ones I DID go to, didn't even have everyone (besides the guy who specifically stated out the gate he wouldn't be able to join on Fridays, I saw that), so maybe you need to… make them seem more important to go to, if they're important to go to?

Afternoon labs… We would barely learnt about the thing in the first half anyway (screen readers made everything take like 4x longer?), so we weren't really 'reinforcing' anything, anyway.",Not at all,"Didn't we only have, one homework, and there WAS no workbook? And I GUESS, the Linkedin account, could be called the project? 

""Did the homework (…) reinforce your learning of assistive technology?""- Like, no?! ",Never,"Yeesh. Not much. I would've said one of those keyboard shortcuts they would go over, like ONE time, but I don't even remember any of those either anymore, because I can just move around real easy anyway, with my mouse.

-And I'll say, likee, it's NOT going to be the LinkedIn account, because everyone I actually ever talked about that to, in my real life, said, *'They've never actually GOT a job off of LinkedIn'*, and notably, *'it WASN'T for 'LACK OF TRYING'', on some of their parts. So hm.","Dropping the AI would be cool.

Otherwise, what I already said; make sure to advertise it properly for guys with ""REALLY"", really low vision, like man I even use a cane to walk around, and it STILL wasn't for me?, even though I STILL mostly bothered to show up, after the first day/week? ('could tell very quickly I wasn't going to get much out of this', vs. 'well, I WAS signed up for it')??","Maybe just realize, on the next Day 1 of this program, if anybody else says in their self-introduction, they, 'don't use a screen reader, just some zoom, contrast,' they may ALSO be extremely over-qualified for this clearly, ""people who use screen readers"" program, and therefore, a 'middle-ground LV' program, for guys like me I guess, could ACTUALLY be VERY USEFUL for guys who probably feel weird, underserved, between worlds (even literally with a white cane, but Ok), etc, for NOT being sighted, and NOT being blind(/very limited, yes, i know), either.
Thanks I guess."
30,3/17/26 10:09:00,3/17/26 10:50:38,anonymous,,Français (Canada)?,,Yes,Somewhat confident,Very effective,"manipuler bien toutes les options de zoom et teams (salle d'attente, orgamiser une réunion, vérifier les participants, avoir la liste papier des participants,...) des options qu'un enseignany peut utiliser.
Comment faire son épicerie par internet de son ordinateur et l'utilisation du copilot.",Very effective,,"Yes, definitely","Tous les devoirs et exercices ainsi le projet final sont intéressants sauf l'exercice d'Excel.

",Several times a week,"Le contenu du programme est intéressant pour moi, car je suis nouvelle. Tous les raccourcis sont nouveaux pour moi. Toutefois, le projet de la présentation orale du Power-Point du profil professionnel est trés utile, notamment la rétroaction des membres.","Cela serait trés bénéfique aux participants d'avoir pour chaque cours et exercice tous les raccourcis par étape d'avancement d'exercice, car la prise de note n'est pas facile même si le enseignants répètent les racourcis et sont patients. Ou bien, faire une liste standard passe par tout sans trauter les cas spécifiques.",Le laboratoir et les cours individuels sont suffisants
31,3/17/26 15:56:54,3/17/26 16:05:47,anonymous,,English (United States)?,,Yes,Somewhat confident,Somewhat effective,,Very effective,,"Yes, definitely",,Several times a week,I was able to learn new things and be part of a group of people who wanted to learn. It was very fun and enriching.,,
32,3/23/26 14:41:13,3/23/26 15:21:14,anonymous,,English (United States)?,,Yes,Somewhat confident,Very effective,"Found it helpful to learn when certain techniques are most useful, for example when to use different web navigation strategies. Also found it helpful to learn about trouble shooting. Was always glad to listen to demonstrations. There are certain tips you learn from people that have experience using the software that you don't learn from searching google or AI.",Very effective,These were so important to build my confidence. It was incredibly helpful to have specific tasks to complete along with the support if we had difficulty. ,"Yes, definitely","The workbook was a lot of work, but was definitely very helpful to practice and build skills. The project was a great experience  to practice our skills in a supportive environment. .  ",Several times a week,I really benefitted from learning in a structured group environment.  I am very grateful for the tip sheets so that as I continue to practice I can refer back to them. The instructors were extremely knowledgeable and supportive.,"Personally I found the workload slightly high, but I'm not sure if that was just me. For example, choosing calendly or mobile for a single lesson might be a consideration. ","No, thnk you so much for this incredible learning experience."
33,3/25/26 17:43:01,3/25/26 17:49:21,anonymous,,English (United States)?,,Yes,Somewhat confident,Somewhat effective,Smaller lecture sections then small task then next part of lecture ,Not very effective,Too much chatter not feeling it was very effective ,Somewhat,,Several times a week,Learning new key steokes to do things more efficiently ,A more delineated class breaking up into beginners and more advanced. Or a course for low vision with magnifiers and other options ,A key stoke cheat sheet that shows what apps or programs they work best in.
34,4/2/26 6:57:38,4/2/26 7:18:46,anonymous,,Français (Canada)?,,Yes,Somewhat confident,Very effective,"dans l'ensemble, je peux juste dire que les cours théoriques m'ont vraiment aider à la pratique.  ",Very effective,les laboratoires m'ont permis de renforcer ma compréhension dans l'ensemble des cours théoriques.,"Yes, definitely",les devoirs et le projet final m'ont permis d'évaluer mes capacités et de renforcer ma confiance en soi. pour moi ce fut une belle espérience en tant que participante.,Several times a week,l'enssemble des activités de ce programe a été important et précieux pour moi.,je pense pour ma part que vous faîtes déjà le nécessaire pour une meilleure compréhension dans l'ensemble.,pour moi je pense avoir déjà les ressources nécessaires.
